Warning: Using a password on the command line interface can be insecure.
Welcome to the MySQL monitor.  Commands end with ; or \g.
Your MySQL connection id is 5
Server version: 5.6.39 MySQL Community Server (GPL)

Copyright (c) 2000, 2018, Oracle and/or its affiliates. All rights reserved.

Oracle is a registered trademark of Oracle Corporation and/or its
affiliates. Other names may be trademarks of their respective
owners.

Type 'help;' or '\h' for help. Type '\c' to clear the current input statement.

mysql> use Users
Reading table information for completion of table and column names
You can turn off this feature to get a quicker startup with -A

Database changed
mysql> use Users;
Database changed
mysql> use Users;[1@su[1@hu[1@ouu[1@us[1@wu[Ps[Pe[P [PU[Psers;[Krs;[Ks;[K;[K[K[K[Kwoo[Ko[Ko[Ko[Kshow tables;
+-----------------+
| Tables_in_Users |
+-----------------+
| credential      |
+-----------------+
1 row in set (0.00 sec)

mysql> ls
    -> 
    -> cd ..
    -> select 8[K* from cren[Kdential Where Name = "[Kl;[K[K'Bob';
ERROR 1064 (42000): You have an error in your SQL syntax; check the manual that corresponds to your MySQL server version for the right syntax to use near 'ls

cd ..
select * from credential Where Name = 'Bob'' at line 1
mysql> ls  cd .. select * from credential Where Name = 'Bob';
ERROR 1064 (42000): You have an error in your SQL syntax; check the manual that corresponds to your MySQL server version for the right syntax to use near 'ls  cd .. select * from credential Where Name = 'Bob'' at line 1
mysql> ls  cd .. select * from credential Where Name = 'Bob';[Ps[P  [Pc[Pc
ERROR 1064 (42000): You have an error in your SQL syntax; check the manual that corresponds to your MySQL server version for the right syntax to use near 'cd .. select * from credential Where Name = 'Bob'' at line 1
mysql> cd .. select * from credential Where Name = 'Bob';[Pd[P [P..[P [P [Ps
Empty set (0.00 sec)

mysql> select * from credential Where Name = 'Bob';[8G[Kselect * from credential Where Name = 'Bob';[1@AB[1@lB[1@iB[1@cB[1@eBob';[Kb';[K';[K'
+----+-------+-------+--------+-------+----------+-------------+---------+-------+----------+------------------------------------------+
| ID | Name  | EID   | Salary | birth | SSN      | PhoneNumber | Address | Email | NickName | Password                                 |
+----+-------+-------+--------+-------+----------+-------------+---------+-------+----------+------------------------------------------+
|  1 | Alice | 10000 |  20000 | 9/20  | 10211002 |             |         |       |          | fdbe918bdae83000aa54747fc95fe0470fff4976 |
+----+-------+-------+--------+-------+----------+-------------+---------+-------+----------+------------------------------------------+
1 row in set (0.00 sec)

mysql> select * from credential:[K;
+----+-------+-------+--------+-------+----------+-------------+---------+-------+----------+------------------------------------------+
| ID | Name  | EID   | Salary | birth | SSN      | PhoneNumber | Address | Email | NickName | Password                                 |
+----+-------+-------+--------+-------+----------+-------------+---------+-------+----------+------------------------------------------+
|  1 | Alice | 10000 | 500000 | 9/20  | 10211002 |             |         |       |          | fdbe918bdae83000aa54747fc95fe0470fff4976 |
|  2 | Boby  | 20000 |  30000 | 4/20  | 10213352 |             |         |       |          | b78ed97677c161c1c82c142906674ad15242b2d4 |
|  3 | Ryan  | 30000 |  50000 | 4/10  | 98993524 |             |         |       |          | a3c50276cb120637cca669eb38fb9928b017e9ef |
|  4 | Samy  | 40000 |  90000 | 1/11  | 32193525 |             |         |       |          | 995b8b8c183f349b3cab0ae7fccd39133508d2af |
|  5 | Ted   | 50000 | 110000 | 11/3  | 32111111 |             |         |       |          | 99343bff28a7bb51cb6f22cb20a618701a2c2f58 |
|  6 | Admin | 99999 | 400000 | 3/5   | 43254314 |             |         |       |          | a5bdf35a1df4ea895905f6f6618e83951a6effc0 |
+----+-------+-------+--------+-------+----------+-------------+---------+-------+----------+------------------------------------------+
6 rows in set (0.00 sec)

mysql> select * from credential;
+----+-------+-------+--------+-------+----------+-------------+---------+-------+----------+------------------------------------------+
| ID | Name  | EID   | Salary | birth | SSN      | PhoneNumber | Address | Email | NickName | Password                                 |
+----+-------+-------+--------+-------+----------+-------------+---------+-------+----------+------------------------------------------+
|  1 | Alice | 10000 | 500000 | 9/20  | 10211002 |             |         |       |          | fdbe918bdae83000aa54747fc95fe0470fff4976 |
|  2 | Boby  | 20000 |  30000 | 4/20  | 10213352 |             |         |       |          | b78ed97677c161c1c82c142906674ad15242b2d4 |
|  3 | Ryan  | 30000 |  50000 | 4/10  | 98993524 |             |         |       |          | 76cb120637cca669eb38fb9928b017e9ef       |
|  4 | Samy  | 40000 |  90000 | 1/11  | 32193525 |             |         |       |          | 995b8b8c183f349b3cab0ae7fccd39133508d2af |
|  5 | Ted   | 50000 | 110000 | 11/3  | 32111111 |             |         |       |          | 99343bff28a7bb51cb6f22cb20a618701a2c2f58 |
|  6 | Admin | 99999 | 400000 | 3/5   | 43254314 |             |         |       |          | a5bdf35a1df4ea895905f6f6618e83951a6effc0 |
+----+-------+-------+--------+-------+----------+-------------+---------+-------+----------+------------------------------------------+
6 rows in set (0.00 sec)

mysql> d [Kcd ..
    -> asdf[K[K[K[Kd[Kcd /var/wwww[K/
    -> ls
    -> ls[K
    -> 
    -> 
    -> 
    -> 
    -> 